n_estimators,max_depth,learning_rate,subsample,colsample_bytree
215,9,0.07331609128678974,0.830918536798618,0.5658755025732416
